{
  "i18n/i18n.properties": 1626371571053,
  "controller/View1.controller.js": 1626372175861,
  "model/models.js": 1626330716019,
  "manifest.json": 1626372236149,
  "Component.js": 1626331358985,
  "manifest-bundle.zip": 1626372235962,
  "Component-preload.js": 1626372236110,
  "controller/View1-dbg.controller.js": 1626372175861,
  "model/models-dbg.js": 1626330716019,
  "Component-dbg.js": 1626331358985,
  "resources.json": 1626372236151,
  "view/View1.view.xml": 1626332654108,
  "css/style.css": 1626330716019,
  "index.html": 1626330716019
}